image_name,class,score,x1,y1,x2,y2
000000000009.jpg,bowl,0.6521306037902832,0.0,11.0,433.0,386.0
000000000009.jpg,broccoli,0.31205546855926514,255.0,232.0,567.0,479.0
000000000009.jpg,broccoli,0.3925696909427643,328.0,410.0,425.0,480.0
000000000009.jpg,orange,0.3642120361328125,464.0,41.0,523.0,89.0
000000000009.jpg,orange,0.32928386330604553,394.0,72.0,470.0,144.0
000000000009.jpg,orange,0.338733047246933,446.0,37.0,477.0,82.0
000000000009.jpg,orange,0.33296075463294983,373.0,40.0,449.0,88.0
000000000009.jpg,broccoli,0.5482804775238037,378.0,232.0,567.0,469.0
000000000009.jpg,broccoli,0.3637598752975464,255.0,273.0,399.0,440.0
000000000009.jpg,bowl,0.6163586974143982,310.0,0.0,630.0,240.0
000000000009.jpg,broccoli,0.3346981406211853,255.0,273.0,427.0,480.0
000000000009.jpg,bowl,0.641983687877655,0.0,191.0,614.0,480.0
000000000009.jpg,orange,0.30033499002456665,389.0,0.0,457.0,48.0
000000000025.jpg,giraffe,0.671901285648346,383.0,61.0,603.0,357.0
000000000025.jpg,giraffe,0.5791029334068298,51.0,353.0,182.0,414.0
000000000030.jpg,vase,0.8014700412750244,240.0,154.0,408.0,351.0
000000000034.jpg,zebra,0.9477691650390625,0.0,21.0,439.0,399.0
000000000036.jpg,person,0.8998277187347412,174.0,157.0,481.0,639.0
000000000036.jpg,umbrella,0.8803863525390625,1.0,53.0,455.0,482.0
000000000042.jpg,dog,0.878835141658783,215.0,40.0,568.0,299.0
000000000049.jpg,horse,0.7829945087432861,81.0,241.0,186.0,403.0
000000000049.jpg,person,0.8366881012916565,203.0,265.0,268.0,334.0
000000000049.jpg,person,0.7529220581054688,138.0,260.0,175.0,315.0
000000000049.jpg,horse,0.8104788661003113,164.0,226.0,291.0,411.0
000000000049.jpg,person,0.6135260462760925,120.0,339.0,131.0,367.0
000000000049.jpg,person,0.6748009920120239,191.0,333.0,198.0,357.0
000000000049.jpg,potted plant,0.586226761341095,200.0,429.0,272.0,474.0
000000000049.jpg,person,0.5438022017478943,284.0,334.0,294.0,359.0
000000000049.jpg,person,0.3603765070438385,352.0,337.0,360.0,362.0
000000000061.jpg,elephant,0.8680456876754761,220.0,246.0,367.0,323.0
000000000061.jpg,person,0.7866228222846985,262.0,197.0,295.0,250.0
000000000061.jpg,person,0.8201815485954285,270.0,206.0,308.0,263.0
000000000061.jpg,elephant,0.6440012454986572,374.0,231.0,438.0,295.0
000000000061.jpg,person,0.3412531316280365,394.0,212.0,412.0,235.0
000000000061.jpg,person,0.34224167466163635,394.0,212.0,424.0,247.0
000000000064.jpg,car,0.7844842076301575,51.0,387.0,227.0,538.0
000000000064.jpg,clock,0.5501542687416077,106.0,34.0,295.0,229.0
000000000064.jpg,truck,0.7324004769325256,52.0,354.0,177.0,416.0
000000000064.jpg,stop sign,0.34521564841270447,404.0,386.0,410.0,393.0
000000000071.jpg,train,0.9027811288833618,1.0,183.0,527.0,304.0
000000000071.jpg,car,0.6482437252998352,617.0,238.0,640.0,250.0
000000000071.jpg,car,0.448516845703125,436.0,218.0,460.0,227.0
000000000071.jpg,car,0.5089940428733826,602.0,217.0,618.0,224.0
000000000071.jpg,car,0.6671476364135742,587.0,232.0,613.0,245.0
000000000071.jpg,car,0.3527590036392212,460.0,217.0,478.0,229.0
000000000071.jpg,car truck,0.3678377866744995,334.0,194.0,358.0,204.0
000000000071.jpg,car,0.37159261107444763,363.0,197.0,386.0,205.0
000000000071.jpg,car,0.39210402965545654,499.0,223.0,521.0,236.0
000000000071.jpg,truck,0.3261640965938568,430.0,161.0,484.0,210.0
000000000071.jpg,car,0.39460912346839905,520.0,221.0,545.0,234.0
000000000071.jpg,car,0.3379678428173065,478.0,220.0,502.0,233.0
000000000072.jpg,giraffe,0.48511946201324463,160.0,66.0,426.0,639.0
000000000072.jpg,giraffe,0.33111974596977234,49.0,154.0,350.0,638.0
000000000072.jpg,giraffe,0.3421317934989929,162.0,153.0,426.0,639.0
000000000073.jpg,motorcycle,0.7745833992958069,10.0,21.0,554.0,636.0
000000000073.jpg,motorcycle,0.6025294065475464,0.0,0.0,237.0,284.0
000000000074.jpg,dog,0.9210741519927979,65.0,275.0,358.0,379.0
000000000074.jpg,bicycle,0.8358858227729797,0.0,0.0,163.0,321.0
000000000074.jpg,person,0.7006900310516357,462.0,104.0,494.0,148.0
000000000074.jpg,person,0.47107115387916565,324.0,96.0,341.0,150.0
000000000074.jpg,person,0.41828104853630066,295.0,95.0,313.0,153.0
000000000074.jpg,person,0.3553273677825928,277.0,103.0,292.0,149.0
000000000077.jpg,person,0.8887587189674377,25.0,166.0,124.0,336.0
000000000077.jpg,person,0.6813028454780579,217.0,56.0,319.0,178.0
000000000077.jpg,person,0.8442806601524353,320.0,54.0,420.0,150.0
000000000077.jpg,skateboard,0.7416740655899048,46.0,319.0,90.0,343.0
000000000077.jpg,person,0.6647579669952393,286.0,102.0,310.0,141.0
000000000077.jpg,person,0.48521092534065247,269.0,57.0,289.0,141.0
000000000077.jpg,skateboard,0.410283625125885,350.0,143.0,376.0,156.0
000000000077.jpg,skateboard,0.36229208111763,222.0,138.0,262.0,178.0
000000000078.jpg,clock,0.7604727745056152,275.0,0.0,609.0,611.0
000000000081.jpg,airplane,0.9029524326324463,34.0,29.0,623.0,355.0
000000000086.jpg,handbag,0.7874411940574646,265.0,295.0,399.0,403.0
000000000086.jpg,person,0.8201815485954285,148.0,147.0,276.0,552.0
000000000086.jpg,motorcycle,0.6503562331199646,131.0,284.0,426.0,629.0
000000000089.jpg,microwave,0.5568816065788269,0.0,46.0,120.0,190.0
000000000089.jpg,knife,0.6101630926132202,476.0,127.0,497.0,232.0
000000000089.jpg,knife,0.6446726322174072,503.0,108.0,528.0,234.0
000000000089.jpg,knife,0.6664968132972717,556.0,101.0,577.0,239.0
000000000089.jpg,knife,0.6399610638618469,529.0,99.0,556.0,236.0
000000000089.jpg,oven,0.4307458698749542,138.0,204.0,477.0,479.0
000000000089.jpg,oven,0.4002218246459961,139.0,396.0,476.0,480.0
000000000089.jpg,knife,0.613352358341217,574.0,96.0,600.0,239.0
000000000089.jpg,book,0.4484262764453888,476.0,334.0,567.0,365.0
000000000089.jpg,book,0.39437586069107056,544.0,391.0,631.0,436.0
000000000089.jpg,book,0.3903596103191376,493.0,363.0,610.0,398.0
000000000089.jpg,book,0.3459886312484741,513.0,402.0,639.0,453.0
000000000092.jpg,fork,0.84065181016922,417.0,121.0,585.0,426.0
000000000092.jpg,cake,0.8019358515739441,133.0,0.0,489.0,296.0
000000000094.jpg,car,0.8654516339302063,355.0,276.0,399.0,310.0
000000000094.jpg,truck,0.5569418668746948,540.0,264.0,628.0,350.0
000000000109.jpg,dog,0.8978744745254517,540.0,296.0,563.0,313.0
000000000109.jpg,person,0.8946054577827454,514.0,272.0,535.0,305.0
000000000109.jpg,person,0.6931614875793457,603.0,272.0,614.0,283.0
000000000109.jpg,bench,0.6997675895690918,448.0,281.0,488.0,315.0
000000000109.jpg,person,0.606789767742157,546.0,249.0,554.0,263.0
000000000109.jpg,bench,0.7119318842887878,376.0,263.0,411.0,289.0
000000000109.jpg,person,0.7518303990364075,586.0,270.0,603.0,292.0
000000000109.jpg,person,0.3635338544845581,78.0,196.0,83.0,212.0
000000000109.jpg,person,0.41460251808166504,308.0,205.0,313.0,214.0
000000000109.jpg,bench,0.3214600086212158,207.0,183.0,223.0,195.0
000000000109.jpg,person,0.36263054609298706,55.0,169.0,62.0,178.0
000000000109.jpg,person,0.32060855627059937,443.0,230.0,448.0,241.0
000000000109.jpg,person,0.3106943964958191,66.0,165.0,72.0,172.0
000000000109.jpg,person,0.3648906946182251,74.0,198.0,80.0,212.0
000000000109.jpg,person,0.31205546855926514,45.0,167.0,50.0,176.0
000000000109.jpg,bench,0.3259495198726654,208.0,182.0,226.0,196.0
000000000109.jpg,bench,0.3268083333969116,177.0,188.0,199.0,201.0
000000000110.jpg,person,0.7932661771774292,0.0,128.0,254.0,414.0
000000000110.jpg,person,0.621828019618988,339.0,0.0,410.0,93.0
000000000110.jpg,person,0.5992506742477417,143.0,1.0,222.0,87.0
000000000110.jpg,pizza,0.813164234161377,133.0,385.0,475.0,480.0
000000000110.jpg,person,0.8562121987342834,208.0,1.0,640.0,476.0
000000000110.jpg,person,0.6335236430168152,0.0,1.0,132.0,174.0
000000000110.jpg,cup,0.6273806691169739,184.0,79.0,204.0,98.0
000000000110.jpg,knife,0.7892336845397949,37.0,413.0,99.0,480.0
000000000110.jpg,cup,0.6092336177825928,210.0,80.0,228.0,96.0
000000000110.jpg,cup,0.6472409963607788,163.0,78.0,182.0,102.0
000000000110.jpg,cup,0.6167627573013306,227.0,77.0,246.0,97.0
000000000110.jpg,person,0.6031724214553833,203.0,0.0,277.0,93.0
000000000110.jpg,person,0.4579850435256958,133.0,0.0,161.0,56.0
000000000110.jpg,person,0.5699124932289124,404.0,0.0,442.0,80.0
000000000110.jpg,person,0.48788687586784363,390.0,0.0,418.0,26.0
000000000110.jpg,cup,0.5158180594444275,143.0,46.0,153.0,63.0
000000000110.jpg,person,0.5250948667526245,253.0,0.0,381.0,141.0
000000000110.jpg,chair,0.4524754583835602,172.0,138.0,236.0,211.0
000000000110.jpg,chair,0.4318237900733948,413.0,79.0,436.0,93.0
000000000110.jpg,chair,0.4389956593513489,400.0,44.0,413.0,92.0
000000000110.jpg,cup,0.34334173798561096,125.0,85.0,146.0,102.0
000000000110.jpg,fork,0.36015141010284424,0.0,411.0,36.0,480.0
000000000110.jpg,fork knife,0.37513402104377747,272.0,363.0,293.0,477.0
000000000110.jpg,cup,0.3356774151325226,404.0,76.0,415.0,93.0
000000000110.jpg,chair,0.3432316780090332,242.0,134.0,302.0,185.0
000000000110.jpg,fork,0.634882926940918,295.0,369.0,483.0,479.0
000000000110.jpg,chair,0.3793209195137024,242.0,134.0,328.0,258.0
000000000110.jpg,cup,0.3376401662826538,0.0,454.0,36.0,480.0
000000000110.jpg,person,0.3501991033554077,133.0,0.0,219.0,55.0
000000000110.jpg,dining table,0.3345894515514374,0.0,393.0,640.0,480.0
000000000113.jpg,person,0.8856314420700073,148.0,52.0,341.0,427.0
000000000113.jpg,person,0.8407825827598572,342.0,101.0,416.0,433.0
000000000113.jpg,knife,0.8985886573791504,252.0,366.0,304.0,452.0
000000000113.jpg,person,0.8812065720558167,4.0,34.0,158.0,622.0
000000000113.jpg,cake,0.8409132957458496,150.0,428.0,406.0,572.0
000000000113.jpg,cup,0.6244080662727356,346.0,159.0,369.0,179.0
000000000113.jpg,cup,0.7572562098503113,71.0,458.0,124.0,523.0
000000000113.jpg,cup,0.4721510708332062,283.0,93.0,309.0,122.0
000000000113.jpg,chair,0.642993152141571,87.0,381.0,242.0,449.0
000000000113.jpg,dining table,0.6631237864494324,24.0,396.0,416.0,639.0
000000000113.jpg,cup,0.520922839641571,283.0,64.0,310.0,92.0
000000000113.jpg,cup,0.4596521854400635,176.0,135.0,199.0,161.0
000000000113.jpg,cup,0.399518758058548,380.0,95.0,407.0,121.0
000000000113.jpg,chair,0.3953092694282532,12.0,579.0,86.0,639.0
000000000113.jpg,cup,0.43518126010894775,343.0,97.0,368.0,122.0
000000000113.jpg,cup,0.4176870882511139,140.0,135.0,160.0,160.0
000000000113.jpg,cup,0.3407045006752014,345.0,64.0,370.0,90.0
000000000113.jpg,cup,0.3938511908054352,196.0,138.0,216.0,162.0
000000000113.jpg,cup,0.3399371802806854,345.0,64.0,362.0,89.0
000000000113.jpg,cup,0.30642327666282654,175.0,105.0,195.0,132.0
000000000127.jpg,cup,0.8687154054641724,383.0,223.0,567.0,345.0
000000000127.jpg,umbrella,0.6757646203041077,131.0,0.0,164.0,77.0
000000000127.jpg,cake,0.820900559425354,181.0,267.0,309.0,404.0
000000000127.jpg,potted plant,0.460137277841568,37.0,0.0,109.0,174.0
000000000127.jpg,umbrella,0.5567309856414795,104.0,0.0,134.0,86.0
000000000127.jpg,spoon,0.898944079875946,348.0,274.0,429.0,359.0
000000000127.jpg,potted plant,0.5742753744125366,219.0,54.0,270.0,120.0
000000000127.jpg,umbrella,0.6258955001831055,293.0,0.0,400.0,103.0
000000000127.jpg,knife,0.9026095867156982,301.0,285.0,401.0,443.0
000000000127.jpg,umbrella,0.4609561264514923,457.0,0.0,474.0,43.0
000000000127.jpg,handbag,0.37387579679489136,193.0,122.0,584.0,254.0
000000000127.jpg,book,0.399518758058548,257.0,195.0,384.0,270.0
000000000127.jpg,bench,0.4591367244720459,0.0,147.0,62.0,230.0
000000000127.jpg,bench,0.43026700615882874,106.0,105.0,170.0,149.0
000000000127.jpg,handbag,0.31174105405807495,240.0,122.0,584.0,254.0
000000000127.jpg,bench,0.3129996359348297,166.0,102.0,195.0,132.0
000000000127.jpg,bench,0.36161547899246216,153.0,89.0,203.0,103.0
000000000127.jpg,book,0.35220175981521606,257.0,195.0,387.0,290.0
000000000127.jpg,potted plant,0.3797808587551117,314.0,56.0,336.0,101.0
000000000127.jpg,dining table,0.48124051094055176,265.0,96.0,479.0,134.0
000000000127.jpg,handbag,0.31426095962524414,240.0,121.0,370.0,209.0
000000000127.jpg,dining table,0.37125059962272644,124.0,73.0,183.0,95.0
000000000127.jpg,book,0.3112174868583679,602.0,236.0,640.0,306.0
000000000127.jpg,dining table,0.31289464235305786,110.0,82.0,165.0,98.0
000000000127.jpg,dining table,0.38018345832824707,123.0,73.0,184.0,132.0
000000000127.jpg,bench,0.3123700022697449,101.0,97.0,153.0,110.0
000000000127.jpg,bench,0.35432136058807373,131.0,101.0,196.0,133.0
000000000133.jpg,bed,0.44031885266304016,16.0,1.0,639.0,419.0
000000000133.jpg,teddy bear,0.6045740246772766,535.0,21.0,573.0,48.0
000000000133.jpg,teddy bear,0.34587815403938293,47.0,98.0,102.0,121.0
000000000133.jpg,teddy bear,0.4369223117828369,48.0,11.0,141.0,66.0
000000000133.jpg,bed,0.3116363286972046,17.0,55.0,576.0,419.0
000000000133.jpg,teddy bear,0.32263270020484924,162.0,42.0,233.0,64.0
000000000136.jpg,giraffe,0.8558511734008789,316.0,130.0,446.0,298.0
000000000136.jpg,giraffe,0.7866228222846985,81.0,115.0,265.0,374.0
000000000136.jpg,person,0.5337316393852234,0.0,60.0,67.0,373.0
000000000136.jpg,person,0.4504198133945465,0.0,108.0,54.0,374.0
000000000138.jpg,refrigerator,0.8674854040145874,9.0,96.0,156.0,348.0
000000000138.jpg,clock,0.9026095867156982,315.0,19.0,384.0,89.0
000000000138.jpg,sink,0.7264255881309509,490.0,201.0,626.0,257.0
000000000138.jpg,bowl,0.7708100080490112,159.0,185.0,201.0,203.0
000000000138.jpg,potted plant,0.7006900310516357,557.0,46.0,604.0,104.0
000000000138.jpg,oven,0.4535643756389618,259.0,216.0,380.0,342.0
000000000138.jpg,potted plant,0.4593186378479004,30.0,412.0,72.0,459.0
000000000138.jpg,vase,0.5506677627563477,218.0,55.0,252.0,103.0
000000000138.jpg,vase,0.4649926722049713,159.0,42.0,215.0,103.0
000000000138.jpg,vase,0.49764639139175415,523.0,55.0,559.0,104.0
000000000138.jpg,vase,0.3472050130367279,163.0,390.0,233.0,564.0
000000000138.jpg,vase,0.32103413343429565,431.0,63.0,448.0,104.0
000000000142.jpg,bottle,0.7320175170898438,257.0,86.0,418.0,341.0
000000000142.jpg,banana,0.6196439266204834,267.0,474.0,378.0,553.0
000000000142.jpg,banana,0.5923718810081482,151.0,488.0,253.0,568.0
000000000142.jpg,banana,0.5947277545928955,285.0,387.0,364.0,455.0
000000000142.jpg,banana,0.5501844882965088,145.0,386.0,216.0,453.0
000000000142.jpg,banana,0.5616957545280457,109.0,451.0,212.0,515.0
000000000142.jpg,banana,0.5774357914924622,222.0,435.0,304.0,503.0
000000000142.jpg,banana,0.5719459056854248,218.0,376.0,283.0,425.0
000000000142.jpg,bottle,0.4344612956047058,74.0,0.0,270.0,376.0
000000000142.jpg,dining table,0.5616356134414673,0.0,224.0,480.0,639.0
000000000142.jpg,sandwich,0.5887709259986877,74.0,379.0,435.0,640.0
000000000142.jpg,banana,0.4303268790245056,469.0,438.0,480.0,499.0
000000000142.jpg,banana,0.4262021481990814,106.0,391.0,158.0,473.0
000000000142.jpg,banana,0.38139235973358154,140.0,383.0,222.0,406.0
000000000143.jpg,bird,0.6782203912734985,428.0,192.0,563.0,476.0
000000000143.jpg,bird,0.5826097726821899,240.0,271.0,345.0,425.0
000000000143.jpg,bird,0.4177464544773102,268.0,129.0,361.0,280.0
000000000143.jpg,bird,0.5090550780296326,30.0,17.0,133.0,167.0
000000000143.jpg,bird,0.3302551507949829,114.0,235.0,233.0,455.0
000000000143.jpg,bird,0.40397825837135315,130.0,104.0,223.0,257.0
000000000143.jpg,bird,0.32241931557655334,114.0,317.0,208.0,455.0
000000000143.jpg,bird,0.3107989728450775,119.0,235.0,234.0,374.0
000000000143.jpg,bird,0.30923226475715637,119.0,104.0,223.0,313.0
000000000143.jpg,bird,0.34279149770736694,268.0,129.0,367.0,314.0
000000000144.jpg,giraffe,0.346762478351593,52.0,81.0,468.0,479.0
000000000144.jpg,giraffe,0.4875742793083191,210.0,122.0,596.0,479.0
000000000144.jpg,giraffe,0.338733047246933,52.0,81.0,510.0,478.0
000000000144.jpg,giraffe,0.32007700204849243,193.0,132.0,509.0,479.0
000000000149.jpg,kite,0.6420959234237671,439.0,194.0,452.0,208.0
000000000149.jpg,kite,0.6579780578613281,436.0,83.0,446.0,95.0
000000000149.jpg,person,0.6008911728858948,303.0,316.0,309.0,336.0
000000000149.jpg,person,0.5523586273193359,249.0,318.0,256.0,339.0
000000000149.jpg,person,0.5643985867500305,340.0,316.0,347.0,331.0
000000000149.jpg,person,0.5502750873565674,205.0,317.0,212.0,334.0
000000000149.jpg,person,0.5320908427238464,214.0,319.0,221.0,341.0
000000000149.jpg,person,0.5333670973777771,220.0,315.0,229.0,340.0
000000000149.jpg,person,0.5631377100944519,333.0,316.0,340.0,331.0
000000000149.jpg,person,0.5894801020622253,560.0,318.0,567.0,335.0
000000000149.jpg,person,0.5119224786758423,543.0,317.0,551.0,334.0
000000000149.jpg,person,0.5167936086654663,537.0,317.0,544.0,334.0
000000000149.jpg,kite,0.4830234944820404,281.0,252.0,289.0,257.0
000000000149.jpg,person,0.43626171350479126,232.0,315.0,242.0,340.0
000000000149.jpg,car,0.4000460207462311,280.0,311.0,289.0,317.0
000000000149.jpg,person,0.4746463894844055,587.0,321.0,592.0,331.0
000000000149.jpg,kite,0.583025336265564,62.0,338.0,105.0,353.0
000000000149.jpg,person,0.4238753318786621,118.0,315.0,126.0,338.0
000000000149.jpg,car,0.46827390789985657,296.0,316.0,304.0,320.0
000000000149.jpg,kite,0.367383748292923,384.0,279.0,404.0,290.0
000000000149.jpg,person,0.4039194881916046,110.0,317.0,119.0,338.0
000000000149.jpg,person,0.4001045823097229,275.0,327.0,282.0,339.0
000000000149.jpg,kite,0.4071565866470337,384.0,279.0,397.0,290.0
000000000149.jpg,person,0.3608268201351166,128.0,321.0,135.0,339.0
000000000149.jpg,person,0.3262714147567749,136.0,317.0,143.0,330.0
000000000149.jpg,person,0.3396085798740387,388.0,324.0,396.0,337.0
000000000149.jpg,kite,0.32444941997528076,384.0,277.0,422.0,290.0
000000000149.jpg,person,0.37456193566322327,406.0,325.0,414.0,338.0
000000000149.jpg,person,0.3361131250858307,401.0,325.0,408.0,338.0
000000000149.jpg,person,0.3479801416397095,287.0,326.0,294.0,336.0
000000000149.jpg,kite,0.47461599111557007,536.0,331.0,570.0,344.0
000000000149.jpg,kite,0.34455370903015137,293.0,208.0,298.0,212.0
000000000149.jpg,person,0.3007456064224243,140.0,320.0,147.0,334.0
000000000149.jpg,person,0.3501991033554077,239.0,323.0,246.0,338.0
000000000149.jpg,person,0.3411433696746826,294.0,325.0,301.0,336.0
000000000151.jpg,stop sign,0.7809967398643494,213.0,327.0,250.0,365.0
000000000151.jpg,train,0.6494675278663635,213.0,27.0,480.0,638.0
000000000151.jpg,person,0.5423482656478882,433.0,59.0,465.0,118.0
000000000154.jpg,zebra,0.766992449760437,40.0,191.0,314.0,334.0
000000000154.jpg,zebra,0.7023258805274963,238.0,94.0,338.0,156.0
000000000154.jpg,zebra,0.7687332034111023,17.0,317.0,359.0,639.0
000000000164.jpg,refrigerator,0.9020932912826538,431.0,170.0,554.0,311.0
000000000164.jpg,microwave,0.8174288272857666,375.0,223.0,431.0,259.0
000000000164.jpg,chair,0.7416740655899048,160.0,409.0,309.0,480.0
000000000164.jpg,bottle,0.48410564661026,464.0,281.0,474.0,318.0
000000000164.jpg,bottle,0.5489455461502075,390.0,183.0,398.0,211.0
000000000164.jpg,bottle,0.5641584992408752,382.0,188.0,390.0,211.0
000000000164.jpg,cup,0.5656586289405823,197.0,228.0,217.0,245.0
000000000164.jpg,bottle,0.5252774953842163,368.0,186.0,375.0,211.0
000000000164.jpg,bowl,0.5204658508300781,304.0,208.0,320.0,214.0
000000000164.jpg,bottle,0.5285181999206543,374.0,189.0,381.0,212.0
000000000164.jpg,wine glass,0.46019795536994934,152.0,190.0,167.0,225.0
000000000164.jpg,bottle,0.41685599088668823,434.0,281.0,452.0,312.0
000000000164.jpg,bottle,0.40621405839920044,414.0,126.0,424.0,148.0
000000000164.jpg,cup,0.4714818000793457,177.0,231.0,197.0,248.0
000000000164.jpg,cup,0.4539274275302887,147.0,232.0,180.0,255.0
000000000164.jpg,bottle,0.4360215365886688,333.0,135.0,342.0,154.0
000000000164.jpg,bottle,0.4335017800331116,405.0,133.0,413.0,149.0
000000000164.jpg,wine glass,0.43386149406433105,82.0,195.0,96.0,234.0
000000000164.jpg,wine glass,0.43056631088256836,141.0,190.0,153.0,226.0
000000000164.jpg,bottle,0.41679665446281433,394.0,133.0,404.0,150.0
000000000164.jpg,wine glass,0.41519519686698914,132.0,191.0,143.0,227.0
000000000164.jpg,cup,0.42327919602394104,512.0,134.0,528.0,155.0
000000000164.jpg,bottle,0.39893320202827454,399.0,162.0,408.0,178.0
000000000164.jpg,bottle,0.4188157320022583,344.0,137.0,353.0,153.0
000000000164.jpg,dining table chair,0.4497249126434326,0.0,398.0,154.0,480.0
000000000164.jpg,bottle,0.43200352787971497,374.0,135.0,382.0,151.0
000000000164.jpg,bottle,0.43914595246315,354.0,137.0,363.0,152.0
000000000164.jpg,wine glass,0.4001631736755371,95.0,195.0,108.0,232.0
000000000164.jpg,bottle,0.4279943108558655,364.0,136.0,373.0,152.0
000000000164.jpg,bottle,0.41004738211631775,384.0,134.0,392.0,151.0
000000000164.jpg,wine glass,0.4400781989097595,60.0,195.0,79.0,234.0
000000000164.jpg,bottle,0.3434518277645111,216.0,215.0,225.0,241.0
000000000164.jpg,wine glass,0.4053898751735687,121.0,192.0,135.0,229.0
000000000164.jpg,wine glass,0.3242354094982147,107.0,188.0,121.0,230.0
000000000164.jpg,cup,0.43518126010894775,172.0,206.0,188.0,223.0
000000000164.jpg,cup,0.3376401662826538,294.0,273.0,337.0,315.0
000000000164.jpg,bowl,0.32648614048957825,412.0,205.0,427.0,211.0
000000000164.jpg,bowl,0.3394990861415863,332.0,176.0,347.0,182.0
000000000164.jpg,cup,0.3434518277645111,503.0,51.0,515.0,76.0
000000000164.jpg,bowl cup,0.44329914450645447,179.0,298.0,200.0,308.0
000000000164.jpg,cup,0.3731902539730072,530.0,139.0,548.0,154.0
000000000164.jpg,bottle,0.3434518277645111,405.0,161.0,411.0,178.0
000000000164.jpg,bottle,0.3261640965938568,86.0,272.0,103.0,312.0
000000000164.jpg,bowl,0.3186971843242645,364.0,172.0,377.0,180.0
000000000164.jpg,wine glass,0.3312278985977173,115.0,189.0,128.0,229.0
000000000164.jpg,cup,0.40662631392478943,114.0,237.0,138.0,254.0
000000000164.jpg,wine glass,0.3607141971588135,87.0,195.0,97.0,232.0
000000000164.jpg,wine glass,0.3185911476612091,73.0,196.0,85.0,234.0
000000000164.jpg,dining table,0.4108744263648987,340.0,466.0,550.0,480.0
000000000165.jpg,person,0.8615382313728333,251.0,109.0,631.0,535.0
000000000165.jpg,person,0.836821436882019,5.0,27.0,363.0,535.0
000000000165.jpg,tie,0.308190256357193,160.0,173.0,296.0,410.0
000000000165.jpg,tie,0.31837916374206543,159.0,125.0,297.0,410.0
000000000165.jpg,tie,0.31153160333633423,160.0,173.0,254.0,397.0
000000000165.jpg,scissors,0.30777397751808167,66.0,219.0,297.0,409.0
000000000192.jpg,person,0.8377527594566345,350.0,255.0,481.0,480.0
000000000192.jpg,person,0.8088233470916748,437.0,219.0,515.0,465.0
000000000192.jpg,person,0.808672308921814,0.0,272.0,39.0,480.0
000000000192.jpg,person,0.8528128862380981,270.0,182.0,376.0,417.0
000000000192.jpg,baseball bat,0.7287483215332031,16.0,401.0,49.0,474.0
000000000194.jpg,pizza,0.8178656101226807,1.0,38.0,639.0,479.0
000000000194.jpg,knife,0.30435171723365784,508.0,414.0,605.0,480.0
000000000194.jpg,knife,0.3013620376586914,510.0,351.0,639.0,480.0
000000000196.jpg,bowl,0.6602818965911865,362.0,335.0,526.0,479.0
000000000196.jpg,bowl,0.6833138465881348,514.0,316.0,640.0,454.0
000000000196.jpg,bowl,0.6120198369026184,273.0,59.0,405.0,119.0
000000000196.jpg,bowl,0.601593554019928,424.0,237.0,569.0,349.0
000000000196.jpg,bowl,0.5549830794334412,232.0,195.0,404.0,287.0
000000000196.jpg,dining table,0.4765796363353729,1.0,87.0,639.0,480.0
000000000196.jpg,spoon,0.5076059103012085,534.0,250.0,607.0,375.0
000000000196.jpg,bowl,0.47921425104141235,360.0,49.0,453.0,110.0
000000000196.jpg,spoon,0.4625944495201111,249.0,197.0,459.0,250.0
000000000196.jpg,bowl,0.35723111033439636,340.0,115.0,495.0,181.0
000000000196.jpg,bowl,0.5655986666679382,331.0,154.0,471.0,224.0
000000000196.jpg,spoon,0.4725009500980377,517.0,214.0,616.0,257.0
000000000196.jpg,spoon,0.4881156384944916,457.0,120.0,502.0,151.0
000000000196.jpg,carrot,0.4135955572128296,173.0,358.0,210.0,398.0
000000000196.jpg,spoon,0.39641863107681274,198.0,395.0,301.0,480.0
000000000196.jpg,carrot,0.35756751894950867,463.0,402.0,489.0,433.0
000000000196.jpg,bowl,0.31247490644454956,0.0,146.0,72.0,218.0
000000000196.jpg,carrot,0.34510529041290283,412.0,403.0,467.0,436.0
000000000196.jpg,carrot,0.35142233967781067,447.0,363.0,471.0,405.0
000000000196.jpg,carrot,0.3263787627220154,441.0,375.0,451.0,401.0
000000000196.jpg,carrot,0.35220175981521606,392.0,376.0,416.0,428.0
000000000196.jpg,carrot,0.35835304856300354,381.0,415.0,416.0,443.0
000000000196.jpg,carrot,0.31100818514823914,414.0,421.0,427.0,449.0
000000000196.jpg,carrot,0.32028958201408386,373.0,398.0,403.0,416.0
000000000196.jpg,bowl,0.35287049412727356,33.0,229.0,399.0,479.0
000000000196.jpg,spoon,0.35711899399757385,231.0,43.0,303.0,87.0
000000000196.jpg,bowl,0.33709442615509033,434.0,96.0,546.0,140.0
000000000196.jpg,fork,0.3268083333969116,461.0,401.0,584.0,478.0
000000000196.jpg,fork,0.3466518819332123,544.0,251.0,618.0,332.0
000000000201.jpg,snowboard,0.6740504503250122,284.0,17.0,431.0,382.0
000000000201.jpg,snowboard,0.7333563566207886,333.0,30.0,488.0,397.0
000000000201.jpg,snowboard,0.7000752091407776,211.0,46.0,294.0,336.0
000000000201.jpg,snowboard,0.7025300860404968,243.0,51.0,328.0,344.0
000000000201.jpg,snowboard,0.5597112774848938,266.0,47.0,362.0,358.0
000000000201.jpg,person,0.4466455280780792,615.0,196.0,627.0,213.0
000000000201.jpg,person,0.4872845411300659,589.0,192.0,597.0,212.0
000000000201.jpg,person,0.3306873142719269,138.0,142.0,143.0,153.0
000000000201.jpg,person,0.36840569972991943,169.0,130.0,185.0,173.0
000000000201.jpg,person,0.3430115580558777,615.0,196.0,621.0,213.0
000000000201.jpg,person,0.324556440114975,620.0,197.0,627.0,213.0
000000000201.jpg,person,0.3646644353866577,579.0,191.0,587.0,211.0
000000000208.jpg,toothbrush,0.5478874444961548,54.0,120.0,218.0,202.0
000000000208.jpg,sink,0.5456791520118713,218.0,332.0,639.0,479.0
000000000208.jpg,toothbrush,0.3637598752975464,174.0,167.0,349.0,234.0
000000000208.jpg,toothbrush,0.3186971843242645,155.0,167.0,350.0,261.0
000000000241.jpg,person,0.791176438331604,292.0,262.0,404.0,534.0
000000000241.jpg,cup,0.6496897339820862,104.0,598.0,149.0,640.0
000000000241.jpg,cup,0.6709318161010742,0.0,596.0,43.0,640.0
000000000241.jpg,remote,0.6242935061454773,118.0,321.0,162.0,344.0
000000000241.jpg,bottle,0.6908720135688782,36.0,552.0,67.0,640.0
000000000241.jpg,handbag,0.7089183926582336,343.0,470.0,409.0,541.0
000000000241.jpg,person,0.83601975440979,124.0,10.0,331.0,639.0
000000000241.jpg,cup,0.35253605246543884,139.0,632.0,179.0,640.0
000000000241.jpg,person,0.6565481424331665,1.0,256.0,207.0,611.0
000000000241.jpg,person,0.4372226595878601,396.0,339.0,480.0,568.0
000000000241.jpg,couch,0.42465054988861084,295.0,269.0,480.0,544.0
000000000241.jpg,handbag,0.31017178297042847,304.0,327.0,362.0,398.0
000000000241.jpg,bottle,0.3604890704154968,49.0,548.0,71.0,597.0
000000000241.jpg,person,0.3241284191608429,0.0,368.0,44.0,578.0
000000000241.jpg,couch,0.317743718624115,0.0,277.0,155.0,541.0
000000000241.jpg,potted plant,0.32028958201408386,90.0,70.0,209.0,274.0
000000000241.jpg,potted plant,0.36364689469337463,90.0,69.0,209.0,440.0
000000000241.jpg,couch,0.3593641221523285,0.0,277.0,170.0,540.0
000000000247.jpg,airplane,0.6092917323112488,1.0,1.0,639.0,423.0
000000000247.jpg,car,0.7067979574203491,58.0,188.0,138.0,222.0
000000000247.jpg,car,0.5943158268928528,515.0,181.0,548.0,198.0
000000000247.jpg,car,0.3663630187511444,479.0,177.0,509.0,197.0
000000000247.jpg,car,0.34279149770736694,545.0,173.0,552.0,178.0
000000000247.jpg,car,0.32444941997528076,534.0,173.0,540.0,178.0
000000000257.jpg,person,0.8125700354576111,141.0,344.0,211.0,480.0
000000000257.jpg,person,0.7742421627044678,316.0,334.0,337.0,410.0
000000000257.jpg,person,0.7735586762428284,288.0,337.0,321.0,414.0
000000000257.jpg,person,0.675336480140686,237.0,326.0,266.0,406.0
000000000257.jpg,person,0.6799229383468628,262.0,332.0,286.0,398.0
000000000257.jpg,person,0.5999539494514465,572.0,329.0,587.0,367.0
000000000257.jpg,person,0.7611836194992065,78.0,326.0,98.0,375.0
000000000257.jpg,person,0.59178227186203,544.0,329.0,559.0,370.0
000000000257.jpg,backpack,0.7767922878265381,174.0,362.0,227.0,417.0
000000000257.jpg,truck,0.5872923135757446,56.0,301.0,192.0,360.0
000000000257.jpg,person,0.586641252040863,138.0,326.0,153.0,363.0
000000000257.jpg,traffic light,0.4916999638080597,295.0,260.0,302.0,274.0
000000000257.jpg,person,0.5044783353805542,481.0,329.0,490.0,355.0
000000000257.jpg,person,0.5207095742225647,190.0,330.0,212.0,371.0
000000000257.jpg,traffic light,0.4957505464553833,88.0,200.0,106.0,225.0
000000000257.jpg,handbag,0.4217899739742279,307.0,359.0,319.0,374.0
000000000257.jpg,person,0.5485525727272034,584.0,326.0,599.0,366.0
000000000257.jpg,person,0.5868780016899109,225.0,327.0,239.0,396.0
000000000257.jpg,person,0.5642785429954529,215.0,332.0,236.0,396.0
000000000257.jpg,person,0.3886180520057678,310.0,135.0,322.0,162.0
000000000257.jpg,person,0.5135464668273926,21.0,341.0,39.0,480.0
000000000257.jpg,person,0.4680003225803375,238.0,324.0,247.0,343.0
000000000257.jpg,person,0.5224002003669739,471.0,329.0,480.0,356.0
000000000257.jpg,traffic light,0.4333818256855011,52.0,201.0,75.0,224.0
000000000257.jpg,person,0.41122910380363464,446.0,324.0,454.0,343.0
000000000257.jpg,person,0.4169153571128845,204.0,324.0,216.0,344.0
000000000257.jpg,handbag,0.4157881438732147,93.0,347.0,99.0,357.0
000000000257.jpg,truck,0.5524189472198486,249.0,278.0,454.0,402.0
000000000257.jpg,person,0.42817363142967224,528.0,326.0,538.0,368.0
000000000257.jpg,person,0.4196479320526123,509.0,333.0,518.0,350.0
000000000257.jpg,person,0.34224167466163635,177.0,328.0,192.0,346.0
000000000257.jpg,person,0.42518752813339233,177.0,328.0,192.0,361.0
000000000257.jpg,handbag,0.37159261107444763,229.0,351.0,239.0,365.0
000000000257.jpg,traffic light,0.42578428983688354,302.0,260.0,310.0,275.0
000000000257.jpg,person,0.314050555229187,347.0,140.0,375.0,166.0
000000000257.jpg,traffic light,0.3534281849861145,31.0,276.0,36.0,288.0
000000000257.jpg,person,0.31986451148986816,296.0,303.0,310.0,326.0
000000000257.jpg,person,0.4116429388523102,519.0,329.0,530.0,351.0
000000000257.jpg,traffic light,0.34279149770736694,91.0,179.0,104.0,196.0
000000000257.jpg,traffic light,0.3049723505973816,55.0,298.0,59.0,305.0
000000000257.jpg,person,0.39041775465011597,261.0,304.0,274.0,336.0
000000000257.jpg,truck,0.3911151885986328,474.0,320.0,498.0,336.0
000000000257.jpg,truck,0.4731094539165497,515.0,305.0,636.0,364.0
000000000257.jpg,person,0.3261640965938568,133.0,326.0,141.0,354.0
000000000257.jpg,person,0.5013523101806641,537.0,329.0,549.0,368.0
000000000257.jpg,person,0.5740366578102112,125.0,326.0,136.0,362.0
000000000257.jpg,handbag,0.4038606882095337,307.0,349.0,320.0,374.0
000000000257.jpg,person,0.3199707269668579,438.0,323.0,446.0,340.0
000000000257.jpg,person,0.30964964628219604,603.0,333.0,616.0,365.0
000000000257.jpg,truck,0.4901593029499054,520.0,249.0,640.0,480.0
000000000257.jpg,person,0.3007456064224243,204.0,324.0,216.0,360.0
000000000260.jpg,person,0.9293122291564941,260.0,138.0,314.0,310.0
000000000260.jpg,bus,0.8083699941635132,0.0,90.0,74.0,254.0
000000000260.jpg,car,0.46050122380256653,481.0,180.0,497.0,192.0
000000000260.jpg,suitcase,0.35465654730796814,474.0,297.0,500.0,332.0
000000000260.jpg,car,0.7229183912277222,239.0,175.0,272.0,191.0
000000000260.jpg,suitcase,0.39875760674476624,333.0,206.0,394.0,241.0
000000000260.jpg,suitcase,0.32713067531585693,325.0,232.0,374.0,297.0
000000000260.jpg,suitcase,0.3094409108161926,293.0,205.0,422.0,315.0
000000000263.jpg,elephant,0.8267117738723755,100.0,139.0,588.0,639.0
000000000263.jpg,elephant,0.6498008370399475,0.0,2.0,400.0,608.0
000000000283.jpg,wine glass,0.8258707523345947,165.0,155.0,253.0,368.0
000000000283.jpg,bottle,0.7267166376113892,66.0,34.0,152.0,355.0
000000000283.jpg,dining table,0.38774827122688293,0.0,259.0,428.0,639.0
000000000283.jpg,wine glass,0.6078377962112427,161.0,366.0,245.0,543.0
000000000283.jpg,chair,0.4277552366256714,0.0,143.0,59.0,305.0
000000000283.jpg,chair,0.3080861270427704,0.0,143.0,58.0,229.0
000000000283.jpg,chair,0.44966450333595276,164.0,66.0,427.0,350.0
000000000283.jpg,dining table,0.38722676038742065,0.0,215.0,428.0,639.0
000000000283.jpg,bottle,0.3181672990322113,68.0,346.0,150.0,614.0
000000000294.jpg,person,0.9102266430854797,22.0,70.0,397.0,427.0
000000000294.jpg,clock,0.5585376620292664,0.0,0.0,31.0,34.0
000000000294.jpg,clock,0.3444434404373169,0.0,0.0,53.0,56.0
000000000294.jpg,microwave,0.42500850558280945,223.0,352.0,373.0,426.0
000000000294.jpg,microwave,0.7029380202293396,505.0,313.0,640.0,426.0
000000000294.jpg,fork,0.37284764647483826,470.0,334.0,489.0,369.0
000000000294.jpg,knife,0.3670433759689331,455.0,321.0,470.0,366.0
000000000294.jpg,fork,0.35644665360450745,608.0,251.0,617.0,292.0
000000000294.jpg,spoon fork,0.35880228877067566,327.0,249.0,347.0,324.0
000000000294.jpg,spoon fork,0.42381569743156433,392.0,247.0,410.0,326.0
000000000294.jpg,fork knife,0.3589146137237549,402.0,113.0,419.0,226.0
000000000294.jpg,fork,0.4078049957752228,423.0,253.0,448.0,359.0
000000000294.jpg,spoon fork,0.3351331949234009,420.0,114.0,438.0,217.0
000000000294.jpg,knife,0.31943973898887634,428.0,356.0,445.0,425.0
000000000294.jpg,knife,0.30259713530540466,348.0,375.0,373.0,426.0
000000000294.jpg,spoon fork,0.3812195360660553,410.0,246.0,425.0,322.0
000000000294.jpg,fork knife,0.36455127596855164,463.0,325.0,480.0,369.0
000000000307.jpg,dog,0.9170058369636536,405.0,198.0,582.0,375.0
000000000307.jpg,frisbee,0.8690492510795593,351.0,370.0,421.0,480.0
000000000307.jpg,car,0.8206132054328918,385.0,49.0,432.0,66.0
000000000308.jpg,person,0.7365901470184326,0.0,46.0,185.0,425.0
000000000308.jpg,person,0.8668103814125061,378.0,29.0,559.0,426.0
000000000308.jpg,wine glass,0.7959754467010498,147.0,156.0,196.0,255.0
000000000308.jpg,person,0.8269913792610168,345.0,72.0,396.0,250.0
000000000308.jpg,wine glass,0.7947037816047668,0.0,172.0,68.0,296.0
000000000308.jpg,wine glass,0.7523766160011292,366.0,223.0,390.0,284.0
000000000308.jpg,person,0.837221086025238,134.0,30.0,261.0,425.0
000000000308.jpg,umbrella,0.6867902874946594,276.0,64.0,364.0,137.0
000000000308.jpg,wine glass,0.756177544593811,235.0,149.0,261.0,210.0
000000000308.jpg,person,0.4795798361301422,111.0,78.0,146.0,161.0
000000000308.jpg,person,0.3609394431114197,0.0,236.0,130.0,426.0
000000000308.jpg,person,0.30466195940971375,40.0,14.0,146.0,243.0
000000000308.jpg,person,0.42590367794036865,39.0,15.0,147.0,425.0
000000000308.jpg,person,0.3094409108161926,111.0,78.0,149.0,218.0
000000000309.jpg,teddy bear,0.8475897312164307,73.0,211.0,392.0,502.0
000000000309.jpg,dog,0.8017807006835938,422.0,72.0,512.0,195.0
000000000312.jpg,elephant,0.8712559342384338,227.0,193.0,434.0,374.0
000000000312.jpg,elephant,0.851212203502655,1.0,188.0,229.0,392.0
000000000312.jpg,elephant,0.775604784488678,481.0,178.0,640.0,377.0
000000000312.jpg,elephant,0.6740504503250122,416.0,257.0,568.0,374.0
000000000312.jpg,elephant,0.7049732804298401,323.0,294.0,423.0,374.0
000000000312.jpg,elephant,0.3726193606853485,477.0,233.0,517.0,263.0
000000000315.jpg,person,0.7655933499336243,340.0,138.0,399.0,334.0
000000000315.jpg,person,0.7961340546607971,492.0,148.0,543.0,335.0
000000000315.jpg,person,0.7977144718170166,123.0,219.0,208.0,395.0
000000000315.jpg,person,0.7841538190841675,182.0,370.0,302.0,427.0
000000000315.jpg,person,0.633863627910614,212.0,208.0,276.0,244.0
000000000315.jpg,person,0.6262384653091431,577.0,197.0,625.0,235.0
000000000315.jpg,person,0.6054491996765137,303.0,181.0,340.0,222.0
000000000315.jpg,person,0.5010976791381836,547.0,139.0,561.0,171.0
000000000315.jpg,umbrella,0.5268144607543945,289.0,115.0,368.0,135.0
000000000315.jpg,handbag,0.5280771255493164,279.0,320.0,331.0,398.0
000000000315.jpg,person,0.5292937755584717,533.0,183.0,584.0,238.0
000000000315.jpg,person,0.42268335819244385,542.0,160.0,571.0,225.0
000000000315.jpg,person,0.4801434874534607,375.0,190.0,424.0,209.0
000000000315.jpg,person,0.45592519640922546,41.0,240.0,132.0,276.0
000000000315.jpg,handbag,0.4723944067955017,115.0,340.0,181.0,392.0
000000000315.jpg,umbrella,0.42024263739585876,313.0,131.0,409.0,171.0
000000000315.jpg,person,0.36590972542762756,621.0,187.0,640.0,206.0
000000000315.jpg,umbrella,0.43572142720222473,463.0,124.0,489.0,133.0
000000000315.jpg,chair,0.38948848843574524,198.0,273.0,397.0,401.0
000000000315.jpg,person,0.3345894515514374,622.0,162.0,631.0,187.0
000000000315.jpg,umbrella,0.34400254487991333,424.0,46.0,463.0,133.0
000000000315.jpg,handbag,0.3470943570137024,101.0,389.0,153.0,422.0
000000000315.jpg,chair,0.3021851181983948,0.0,334.0,101.0,427.0
000000000315.jpg,person,0.35812854766845703,488.0,171.0,505.0,202.0
000000000315.jpg,person,0.31373506784439087,608.0,154.0,619.0,183.0
000000000315.jpg,chair,0.3843342959880829,0.0,334.0,181.0,427.0
000000000315.jpg,umbrella,0.36954259872436523,375.0,135.0,425.0,156.0
000000000315.jpg,chair,0.3411433696746826,6.0,235.0,167.0,360.0
000000000315.jpg,person,0.39024344086647034,40.0,238.0,132.0,321.0
000000000315.jpg,umbrella,0.5819565653800964,469.0,107.0,527.0,138.0
000000000315.jpg,chair,0.3114268481731415,6.0,234.0,175.0,360.0
000000000315.jpg,umbrella,0.32928386330604553,0.0,96.0,323.0,395.0
000000000315.jpg,umbrella,0.35465654730796814,0.0,96.0,320.0,361.0
000000000321.jpg,hot dog,0.7648916244506836,363.0,199.0,612.0,437.0
000000000321.jpg,hot dog,0.7177048921585083,372.0,68.0,604.0,307.0
000000000321.jpg,sandwich hot dog,0.561214804649353,78.0,45.0,295.0,417.0
000000000322.jpg,person,0.9267027974128723,74.0,105.0,281.0,386.0
000000000322.jpg,frisbee,0.5032901167869568,282.0,196.0,400.0,220.0
000000000322.jpg,frisbee,0.35767972469329834,282.0,206.0,326.0,220.0
000000000326.jpg,wine glass,0.8380180597305298,231.0,34.0,479.0,300.0
000000000326.jpg,person,0.840520977973938,154.0,88.0,518.0,427.0
000000000328.jpg,person,0.8870089650154114,199.0,92.0,402.0,472.0
000000000328.jpg,person,0.8785228729248047,341.0,64.0,588.0,489.0
000000000328.jpg,cell phone,0.7435405850410461,434.0,283.0,470.0,303.0
000000000328.jpg,backpack,0.63680499792099,18.0,158.0,135.0,248.0
000000000328.jpg,tie,0.6378207206726074,319.0,172.0,338.0,231.0
000000000328.jpg,person,0.9036349058151245,47.0,66.0,265.0,421.0
000000000328.jpg,book,0.6017690896987915,246.0,219.0,332.0,259.0
000000000328.jpg,book,0.38751646876335144,138.0,138.0,210.0,243.0
000000000328.jpg,bench,0.6171665787696838,1.0,105.0,588.0,416.0
000000000332.jpg,cup,0.7141298651695251,587.0,0.0,640.0,151.0
000000000332.jpg,bowl,0.6177432537078857,94.0,0.0,262.0,73.0
000000000332.jpg,cup,0.6314806342124939,393.0,0.0,515.0,68.0
000000000332.jpg,bowl,0.7186931371688843,2.0,36.0,639.0,479.0
000000000332.jpg,fork,0.4360816180706024,0.0,328.0,23.0,478.0
000000000332.jpg,fork,0.5248056650161743,94.0,16.0,159.0,74.0
000000000332.jpg,carrot,0.3967691659927368,60.0,268.0,170.0,380.0
000000000332.jpg,carrot,0.3957178294658661,171.0,279.0,339.0,327.0
000000000332.jpg,carrot,0.3711366057395935,307.0,120.0,376.0,302.0
000000000332.jpg,carrot,0.3042483627796173,308.0,118.0,390.0,200.0
000000000332.jpg,carrot,0.302906334400177,89.0,221.0,145.0,237.0
000000000332.jpg,carrot,0.33589524030685425,253.0,78.0,312.0,307.0
000000000338.jpg,person,0.8914335370063782,440.0,175.0,497.0,327.0
000000000338.jpg,person,0.8931231498718262,327.0,142.0,417.0,327.0
000000000338.jpg,clock,0.8580061793327332,456.0,88.0,482.0,114.0
000000000338.jpg,refrigerator,0.743354320526123,217.0,152.0,314.0,327.0
000000000338.jpg,handbag,0.3565586805343628,467.0,242.0,491.0,269.0
000000000338.jpg,handbag,0.3940843641757965,377.0,236.0,404.0,323.0
000000000338.jpg,oven,0.35064372420310974,27.0,285.0,157.0,327.0
000000000338.jpg,oven,0.38196852803230286,312.0,211.0,340.0,317.0
000000000338.jpg,oven,0.3090237081050873,27.0,269.0,159.0,327.0
000000000338.jpg,handbag,0.4601675570011139,466.0,233.0,491.0,269.0
000000000349.jpg,train,0.3850277364253998,0.0,128.0,640.0,383.0
000000000349.jpg,potted plant,0.5783886313438416,397.0,281.0,458.0,359.0
000000000349.jpg,potted plant,0.45859116315841675,456.0,275.0,507.0,337.0
000000000349.jpg,potted plant,0.3027001917362213,517.0,278.0,541.0,323.0
000000000349.jpg,train,0.3944341540336609,0.0,128.0,542.0,383.0
000000000357.jpg,person,0.8856314420700073,531.0,136.0,556.0,187.0
000000000357.jpg,person,0.8964328765869141,76.0,78.0,94.0,128.0
000000000357.jpg,person,0.7967672944068909,270.0,19.0,298.0,56.0
000000000357.jpg,person,0.8002240657806396,372.0,25.0,390.0,53.0
000000000357.jpg,person,0.8283842206001282,593.0,155.0,620.0,201.0
000000000357.jpg,person,0.7431679368019104,268.0,9.0,285.0,33.0
000000000357.jpg,person,0.8542778491973877,567.0,161.0,594.0,199.0
000000000357.jpg,person,0.8653379082679749,209.0,24.0,231.0,54.0
000000000357.jpg,baseball glove,0.6303436160087585,567.0,186.0,576.0,194.0
000000000357.jpg,baseball glove,0.42202815413475037,77.0,97.0,83.0,102.0
000000000357.jpg,baseball bat,0.8384153246879578,539.0,121.0,543.0,141.0
000000000357.jpg,person,0.3284217119216919,590.0,34.0,600.0,61.0
000000000357.jpg,baseball glove,0.3845653831958771,277.0,24.0,285.0,30.0
000000000357.jpg,baseball glove,0.3152087330818176,78.0,97.0,85.0,106.0
000000000357.jpg,baseball glove,0.37536293268203735,378.0,35.0,382.0,40.0
000000000357.jpg,person,0.42327919602394104,632.0,58.0,640.0,72.0
